,year,month,arr_flights,arr_del15, arr_delay,delay_type,value
0,2004,1,583987.0,128236.0,6509522.0, carrier_delay,1723185.0
1,2004,2,553876.0,114517.0,5388895.0, carrier_delay,1331459.0
2,2004,3,601412.0,104031.0,4986958.0, carrier_delay,1288518.0
3,2004,4,582970.0,93754.0,4217846.0, carrier_delay,1161420.0
4,2004,5,594457.0,121019.0,6981742.0, carrier_delay,1521686.0
5,2004,6,588792.0,148726.0,8257792.0, carrier_delay,1946065.0
6,2004,7,614166.0,135999.0,7570677.0, carrier_delay,1971727.0
7,2004,8,623107.0,123884.0,6704797.0, carrier_delay,1718626.0
8,2004,9,585125.0,75147.0,3706807.0, carrier_delay,1085339.0
9,2004,10,610037.0,108341.0,4783704.0, carrier_delay,1308635.0
10,2004,11,584610.0,113696.0,5731901.0, carrier_delay,1474893.0
11,2004,12,606731.0,154041.0,8247684.0, carrier_delay,2301520.0
12,2005,1,594923.0,143316.0,7621044.0, carrier_delay,2067784.0
13,2005,2,545332.0,111897.0,5470941.0, carrier_delay,1492652.0
14,2005,3,617540.0,131384.0,6825241.0, carrier_delay,1848181.0
15,2005,4,594492.0,90137.0,4264225.0, carrier_delay,1335380.0
16,2005,5,614802.0,93619.0,4564393.0, carrier_delay,1385037.0
17,2005,6,609195.0,139742.0,7817086.0, carrier_delay,2065172.0
18,2005,7,627961.0,166767.0,10281610.0, carrier_delay,2516919.0
19,2005,8,630904.0,141431.0,7580697.0, carrier_delay,2164422.0
20,2005,9,574253.0,87235.0,4050498.0, carrier_delay,1349963.0
21,2005,10,592712.0,99904.0,4991000.0, carrier_delay,1381005.0
22,2005,11,566138.0,106543.0,5203843.0, carrier_delay,1522750.0
23,2005,12,572343.0,154090.0,7829941.0, carrier_delay,2312615.0
24,2006,1,581287.0,112299.0,5852565.0, carrier_delay,1716094.0
25,2006,2,531247.0,118610.0,5930072.0, carrier_delay,1658066.0
26,2006,3,605217.0,135897.0,6994427.0, carrier_delay,1896227.0
27,2006,4,585351.0,118715.0,5972654.0, carrier_delay,1687855.0
28,2006,5,602919.0,122693.0,6388249.0, carrier_delay,1726870.0
29,2006,6,598315.0,150683.0,8832066.0, carrier_delay,2488811.0
30,2006,7,621244.0,150771.0,8902264.0, carrier_delay,2599148.0
31,2006,8,628732.0,140784.0,7646042.0, carrier_delay,2246758.0
32,2006,9,584937.0,127900.0,7028322.0, carrier_delay,1838438.0
33,2006,10,611718.0,153067.0,8328588.0, carrier_delay,2129345.0
34,2006,11,586197.0,126990.0,6611296.0, carrier_delay,1783605.0
35,2006,12,604758.0,157128.0,8700494.0, carrier_delay,2484077.0
36,2007,1,621559.0,150144.0,7856768.0, carrier_delay,2200212.0
37,2007,2,565604.0,158435.0,8883527.0, carrier_delay,2618501.0
38,2007,3,639209.0,152689.0,8593413.0, carrier_delay,2548581.0
39,2007,4,614648.0,136991.0,7442252.0, carrier_delay,2078632.0
40,2007,5,631609.0,131298.0,6864579.0, carrier_delay,1919316.0
41,2007,6,629280.0,181502.0,11431169.0, carrier_delay,2992281.0
42,2007,7,648560.0,180319.0,10815811.0, carrier_delay,3008057.0
43,2007,8,653279.0,170851.0,10065908.0, carrier_delay,2866013.0
44,2007,9,600187.0,102383.0,5294460.0, carrier_delay,1748246.0
45,2007,10,629992.0,128977.0,6674331.0, carrier_delay,1908292.0
46,2007,11,605149.0,113680.0,5782072.0, carrier_delay,1726179.0
47,2007,12,616382.0,196759.0,11261442.0, carrier_delay,3212760.0
48,2008,1,605765.0,148807.0,8366662.0, carrier_delay,2355954.0
49,2008,2,569236.0,156237.0,9021911.0, carrier_delay,2398296.0
50,2008,3,616090.0,157370.0,8849075.0, carrier_delay,2527895.0
51,2008,4,598126.0,122169.0,6444535.0, carrier_delay,1926766.0
52,2008,5,606293.0,120126.0,6213330.0, carrier_delay,1722631.0
53,2008,6,608665.0,164260.0,9872272.0, carrier_delay,2482267.0
54,2008,7,627931.0,140050.0,8764946.0, carrier_delay,2417097.0
55,2008,8,612279.0,120481.0,7096074.0, carrier_delay,2130584.0
56,2008,9,540908.0,71149.0,3633943.0, carrier_delay,1218688.0
57,2008,10,556205.0,73517.0,3507010.0, carrier_delay,1145054.0
58,2008,11,523272.0,81922.0,4318569.0, carrier_delay,1121975.0
59,2008,12,544956.0,168647.0,10549666.0, carrier_delay,2601010.0
60,2009,1,532339.0,108656.0,5611991.0, carrier_delay,1553366.0
61,2009,2,488410.0,78087.0,4103172.0, carrier_delay,1138257.0
62,2009,3,557422.0,107408.0,5927648.0, carrier_delay,1565861.0
63,2009,4,537793.0,102681.0,6082404.0, carrier_delay,1509781.0
64,2009,5,546832.0,100688.0,5226313.0, carrier_delay,1379106.0
65,2009,6,557594.0,122886.0,7227702.0, carrier_delay,1965403.0
66,2009,7,580134.0,121429.0,6845519.0, carrier_delay,2013731.0
67,2009,8,568301.0,108382.0,5983797.0, carrier_delay,1801093.0
68,2009,9,510852.0,66762.0,3314004.0, carrier_delay,1123914.0
69,2009,10,531799.0,114549.0,5800543.0, carrier_delay,1526817.0
70,2009,11,509540.0,54740.0,2619958.0, carrier_delay,937489.0
71,2009,12,529269.0,132020.0,7262768.0, carrier_delay,1991245.0
72,2010,1,521809.0,96928.0,5124918.0, carrier_delay,1578882.0
73,2010,2,483270.0,95021.0,5125358.0, carrier_delay,1465833.0
74,2010,3,549262.0,100534.0,5504552.0, carrier_delay,1649112.0
75,2010,4,529330.0,73184.0,3670504.0, carrier_delay,1232548.0
76,2010,5,542747.0,100683.0,5633379.0, carrier_delay,1588921.0
77,2010,6,551687.0,120007.0,6932380.0, carrier_delay,2023987.0
78,2010,7,570788.0,122900.0,7007931.0, carrier_delay,2119493.0
79,2010,8,569217.0,97597.0,5225837.0, carrier_delay,1673889.0
80,2010,9,526107.0,72738.0,3639279.0, carrier_delay,1164541.0
81,2010,10,545519.0,82391.0,4254474.0, carrier_delay,1306074.0
82,2010,11,520999.0,83138.0,3930223.0, carrier_delay,1257261.0
83,2010,12,539382.0,129763.0,7208663.0, carrier_delay,2156964.0
84,2011,1,494400.0,97078.0,5031105.0, carrier_delay,1538345.0
85,2011,2,455516.0,92709.0,5045776.0, carrier_delay,1463091.0
86,2011,3,526687.0,101542.0,5450447.0, carrier_delay,1637022.0
87,2011,4,507024.0,112528.0,6356338.0, carrier_delay,1731194.0
88,2011,5,520612.0,107145.0,6353443.0, carrier_delay,1687179.0
89,2011,6,528588.0,111137.0,6609930.0, carrier_delay,1998069.0
90,2011,7,547219.0,110478.0,6650110.0, carrier_delay,1984345.0
91,2011,8,541442.0,96632.0,5747490.0, carrier_delay,1755406.0
92,2011,9,487468.0,73512.0,3888719.0, carrier_delay,1235940.0
93,2011,10,504397.0,68219.0,3441542.0, carrier_delay,1169218.0
94,2011,11,478040.0,66279.0,3335437.0, carrier_delay,1084221.0
95,2011,12,493888.0,72613.0,3765605.0, carrier_delay,1269211.0
96,2012,1,486133.0,70908.0,3850425.0, carrier_delay,1191729.0
97,2012,2,464826.0,58987.0,2992529.0, carrier_delay,1055852.0
98,2012,3,521628.0,86476.0,4744040.0, carrier_delay,1534771.0
99,2012,4,505218.0,63639.0,3310043.0, carrier_delay,1188623.0
100,2012,5,518423.0,80453.0,4486545.0, carrier_delay,1428053.0
101,2012,6,526933.0,94684.0,5526265.0, carrier_delay,1794914.0
102,2012,7,545131.0,121396.0,7643674.0, carrier_delay,2170627.0
103,2012,8,540793.0,104434.0,6166141.0, carrier_delay,1916579.0
104,2012,9,490199.0,77075.0,4262193.0, carrier_delay,1405706.0
105,2012,10,515254.0,86545.0,4466517.0, carrier_delay,1470511.0
106,2012,11,488006.0,63834.0,3443886.0, carrier_delay,1200259.0
107,2012,12,494218.0,106727.0,6024434.0, carrier_delay,1807832.0
108,2013,1,509519.0,88210.0,4798252.0, carrier_delay,1564374.0
109,2013,2,469746.0,83565.0,4493830.0, carrier_delay,1415721.0
110,2013,3,552312.0,101743.0,5704792.0, carrier_delay,1666872.0
111,2013,4,536393.0,111306.0,6648035.0, carrier_delay,1808722.0
112,2013,5,548642.0,105278.0,6097504.0, carrier_delay,1674148.0
113,2013,6,552141.0,143184.0,9360395.0, carrier_delay,2439539.0
114,2013,7,571623.0,142559.0,8728724.0, carrier_delay,2448255.0
115,2013,8,562921.0,112650.0,6111797.0, carrier_delay,1852201.0
116,2013,9,510806.0,77134.0,4196632.0, carrier_delay,1288132.0
117,2013,10,535344.0,81338.0,3918255.0, carrier_delay,1293737.0
118,2013,11,503296.0,77352.0,3945789.0, carrier_delay,1294123.0
119,2013,12,516739.0,144958.0,7933597.0, carrier_delay,2391073.0
120,2014,1,471949.0,119994.0,7687929.0, carrier_delay,2384451.0
121,2014,2,430602.0,101440.0,5817661.0, carrier_delay,1762191.0
122,2014,3,503758.0,102297.0,5352248.0, carrier_delay,1723617.0
123,2014,4,483499.0,91806.0,4879163.0, carrier_delay,1489021.0
124,2014,5,499278.0,104145.0,6093824.0, carrier_delay,1772666.0
125,2014,6,502617.0,129706.0,7755285.0, carrier_delay,2174769.0
126,2014,7,520880.0,117151.0,6865014.0, carrier_delay,2100005.0
127,2014,8,507491.0,105706.0,6066485.0, carrier_delay,1832082.0
128,2014,9,469489.0,81178.0,4361717.0, carrier_delay,1333490.0
129,2014,10,491011.0,92285.0,4969164.0, carrier_delay,1427068.0
130,2014,11,462054.0,84657.0,4517246.0, carrier_delay,1393829.0
131,2014,12,477183.0,110163.0,5951225.0, carrier_delay,1866220.0
132,2015,1,469968.0,95951.0,5439862.0, carrier_delay,1708155.0
133,2015,2,429191.0,95179.0,5635596.0, carrier_delay,1712660.0
134,2015,3,504312.0,95452.0,5438910.0, carrier_delay,1818680.0
135,2015,4,485151.0,82247.0,4619308.0, carrier_delay,1490594.0
136,2015,5,496993.0,89645.0,5437359.0, carrier_delay,1667920.0
137,2015,6,503897.0,115742.0,7370820.0, carrier_delay,2296333.0
138,2015,7,520718.0,107627.0,6386504.0, carrier_delay,2021379.0
139,2015,8,510536.0,94113.0,5616471.0, carrier_delay,1819598.0
140,2015,9,464946.0,60061.0,3291587.0, carrier_delay,1176791.0
141,2015,10,486165.0,60079.0,3315230.0, carrier_delay,1206011.0
142,2015,11,467972.0,70571.0,4040704.0, carrier_delay,1358705.0
143,2015,12,479230.0,96772.0,6059516.0, carrier_delay,1896130.0
144,2016,1,445827.0,70882.0,4122129.0, carrier_delay,1482987.0
145,2016,2,423889.0,61680.0,3995488.0, carrier_delay,1277100.0
146,2016,3,479122.0,82569.0,4861570.0, carrier_delay,1493321.0
147,2016,4,461630.0,66607.0,3848737.0, carrier_delay,1287970.0
148,2016,5,479358.0,75498.0,4416714.0, carrier_delay,1429722.0
149,2016,6,487637.0,100361.0,6400240.0, carrier_delay,2048146.0
150,2016,7,502457.0,113601.0,8097727.0, carrier_delay,2497902.0
151,2016,8,498347.0,103421.0,7021740.0, carrier_delay,2339274.0
152,2016,9,454878.0,63686.0,3667339.0, carrier_delay,1222274.0
153,2016,10,472626.0,63470.0,3513518.0, carrier_delay,1200593.0
154,2016,11,450938.0,58871.0,3270250.0, carrier_delay,1126229.0
155,2016,12,460949.0,103593.0,6634908.0, carrier_delay,2127819.0
156,2004,1,583987.0,128236.0,6509522.0,weather_delay,537786.0
157,2004,2,553876.0,114517.0,5388895.0,weather_delay,364234.0
158,2004,3,601412.0,104031.0,4986958.0,weather_delay,214701.0
159,2004,4,582970.0,93754.0,4217846.0,weather_delay,191870.0
160,2004,5,594457.0,121019.0,6981742.0,weather_delay,529168.0
161,2004,6,588792.0,148726.0,8257792.0,weather_delay,702461.0
162,2004,7,614166.0,135999.0,7570677.0,weather_delay,466874.0
163,2004,8,623107.0,123884.0,6704797.0,weather_delay,471948.0
164,2004,9,585125.0,75147.0,3706807.0,weather_delay,227281.0
165,2004,10,610037.0,108341.0,4783704.0,weather_delay,319073.0
166,2004,11,584610.0,113696.0,5731901.0,weather_delay,416112.0
167,2004,12,606731.0,154041.0,8247684.0,weather_delay,595952.0
168,2005,1,594923.0,143316.0,7621044.0,weather_delay,601992.0
169,2005,2,545332.0,111897.0,5470941.0,weather_delay,315848.0
170,2005,3,617540.0,131384.0,6825241.0,weather_delay,377667.0
171,2005,4,594492.0,90137.0,4264225.0,weather_delay,242815.0
172,2005,5,614802.0,93619.0,4564393.0,weather_delay,257587.0
173,2005,6,609195.0,139742.0,7817086.0,weather_delay,494727.0
174,2005,7,627961.0,166767.0,10281610.0,weather_delay,727936.0
175,2005,8,630904.0,141431.0,7580697.0,weather_delay,507289.0
176,2005,9,574253.0,87235.0,4050498.0,weather_delay,200089.0
177,2005,10,592712.0,99904.0,4991000.0,weather_delay,287169.0
178,2005,11,566138.0,106543.0,5203843.0,weather_delay,257998.0
179,2005,12,572343.0,154090.0,7829941.0,weather_delay,442673.0
180,2006,1,581287.0,112299.0,5852565.0,weather_delay,350723.0
181,2006,2,531247.0,118610.0,5930072.0,weather_delay,333845.0
182,2006,3,605217.0,135897.0,6994427.0,weather_delay,333336.0
183,2006,4,585351.0,118715.0,5972654.0,weather_delay,273740.0
184,2006,5,602919.0,122693.0,6388249.0,weather_delay,322533.0
185,2006,6,598315.0,150683.0,8832066.0,weather_delay,608474.0
186,2006,7,621244.0,150771.0,8902264.0,weather_delay,551181.0
187,2006,8,628732.0,140784.0,7646042.0,weather_delay,452936.0
188,2006,9,584937.0,127900.0,7028322.0,weather_delay,405927.0
189,2006,10,611718.0,153067.0,8328588.0,weather_delay,439564.0
190,2006,11,586197.0,126990.0,6611296.0,weather_delay,335112.0
191,2006,12,604758.0,157128.0,8700494.0,weather_delay,446472.0
192,2007,1,621559.0,150144.0,7856768.0,weather_delay,505125.0
193,2007,2,565604.0,158435.0,8883527.0,weather_delay,646296.0
194,2007,3,639209.0,152689.0,8593413.0,weather_delay,404860.0
195,2007,4,614648.0,136991.0,7442252.0,weather_delay,317424.0
196,2007,5,631609.0,131298.0,6864579.0,weather_delay,382267.0
197,2007,6,629280.0,181502.0,11431169.0,weather_delay,803209.0
198,2007,7,648560.0,180319.0,10815811.0,weather_delay,698240.0
199,2007,8,653279.0,170851.0,10065908.0,weather_delay,547181.0
200,2007,9,600187.0,102383.0,5294460.0,weather_delay,246889.0
201,2007,10,629992.0,128977.0,6674331.0,weather_delay,287745.0
202,2007,11,605149.0,113680.0,5782072.0,weather_delay,203195.0
203,2007,12,616382.0,196759.0,11261442.0,weather_delay,702867.0
204,2008,1,605765.0,148807.0,8366662.0,weather_delay,429828.0
205,2008,2,569236.0,156237.0,9021911.0,weather_delay,544326.0
206,2008,3,616090.0,157370.0,8849075.0,weather_delay,474687.0
207,2008,4,598126.0,122169.0,6444535.0,weather_delay,268806.0
208,2008,5,606293.0,120126.0,6213330.0,weather_delay,240013.0
209,2008,6,608665.0,164260.0,9872272.0,weather_delay,571832.0
210,2008,7,627931.0,140050.0,8764946.0,weather_delay,555794.0
211,2008,8,612279.0,120481.0,7096074.0,weather_delay,398906.0
212,2008,9,540908.0,71149.0,3633943.0,weather_delay,157032.0
213,2008,10,556205.0,73517.0,3507010.0,weather_delay,105092.0
214,2008,11,523272.0,81922.0,4318569.0,weather_delay,139442.0
215,2008,12,544956.0,168647.0,10549666.0,weather_delay,747959.0
216,2009,1,532339.0,108656.0,5611991.0,weather_delay,367294.0
217,2009,2,488410.0,78087.0,4103172.0,weather_delay,151866.0
218,2009,3,557422.0,107408.0,5927648.0,weather_delay,285155.0
219,2009,4,537793.0,102681.0,6082404.0,weather_delay,353424.0
220,2009,5,546832.0,100688.0,5226313.0,weather_delay,238418.0
221,2009,6,557594.0,122886.0,7227702.0,weather_delay,414439.0
222,2009,7,580134.0,121429.0,6845519.0,weather_delay,330616.0
223,2009,8,568301.0,108382.0,5983797.0,weather_delay,283920.0
224,2009,9,510852.0,66762.0,3314004.0,weather_delay,143152.0
225,2009,10,531799.0,114549.0,5800543.0,weather_delay,208114.0
226,2009,11,509540.0,54740.0,2619958.0,weather_delay,72053.0
227,2009,12,529269.0,132020.0,7262768.0,weather_delay,441926.0
228,2010,1,521809.0,96928.0,5124918.0,weather_delay,258297.0
229,2010,2,483270.0,95021.0,5125358.0,weather_delay,308111.0
230,2010,3,549262.0,100534.0,5504552.0,weather_delay,227050.0
231,2010,4,529330.0,73184.0,3670504.0,weather_delay,121930.0
232,2010,5,542747.0,100683.0,5633379.0,weather_delay,277376.0
233,2010,6,551687.0,120007.0,6932380.0,weather_delay,324997.0
234,2010,7,570788.0,122900.0,7007931.0,weather_delay,340059.0
235,2010,8,569217.0,97597.0,5225837.0,weather_delay,200689.0
236,2010,9,526107.0,72738.0,3639279.0,weather_delay,144822.0
237,2010,10,545519.0,82391.0,4254474.0,weather_delay,145112.0
238,2010,11,520999.0,83138.0,3930223.0,weather_delay,109983.0
239,2010,12,539382.0,129763.0,7208663.0,weather_delay,326786.0
240,2011,1,494400.0,97078.0,5031105.0,weather_delay,227464.0
241,2011,2,455516.0,92709.0,5045776.0,weather_delay,258294.0
242,2011,3,526687.0,101542.0,5450447.0,weather_delay,141124.0
243,2011,4,507024.0,112528.0,6356338.0,weather_delay,247048.0
244,2011,5,520612.0,107145.0,6353443.0,weather_delay,344779.0
245,2011,6,528588.0,111137.0,6609930.0,weather_delay,315736.0
246,2011,7,547219.0,110478.0,6650110.0,weather_delay,280585.0
247,2011,8,541442.0,96632.0,5747490.0,weather_delay,303533.0
248,2011,9,487468.0,73512.0,3888719.0,weather_delay,134094.0
249,2011,10,504397.0,68219.0,3441542.0,weather_delay,104732.0
250,2011,11,478040.0,66279.0,3335437.0,weather_delay,76733.0
251,2011,12,493888.0,72613.0,3765605.0,weather_delay,124251.0
252,2012,1,486133.0,70908.0,3850425.0,weather_delay,215457.0
253,2012,2,464826.0,58987.0,2992529.0,weather_delay,116626.0
254,2012,3,521628.0,86476.0,4744040.0,weather_delay,199416.0
255,2012,4,505218.0,63639.0,3310043.0,weather_delay,144825.0
256,2012,5,518423.0,80453.0,4486545.0,weather_delay,235352.0
257,2012,6,526933.0,94684.0,5526265.0,weather_delay,218325.0
258,2012,7,545131.0,121396.0,7643674.0,weather_delay,380130.0
259,2012,8,540793.0,104434.0,6166141.0,weather_delay,222523.0
260,2012,9,490199.0,77075.0,4262193.0,weather_delay,109777.0
261,2012,10,515254.0,86545.0,4466517.0,weather_delay,89858.0
262,2012,11,488006.0,63834.0,3443886.0,weather_delay,99977.0
263,2012,12,494218.0,106727.0,6024434.0,weather_delay,247544.0
264,2013,1,509519.0,88210.0,4798252.0,weather_delay,233603.0
265,2013,2,469746.0,83565.0,4493830.0,weather_delay,190890.0
266,2013,3,552312.0,101743.0,5704792.0,weather_delay,226006.0
267,2013,4,536393.0,111306.0,6648035.0,weather_delay,270386.0
268,2013,5,548642.0,105278.0,6097504.0,weather_delay,260324.0
269,2013,6,552141.0,143184.0,9360395.0,weather_delay,508863.0
270,2013,7,571623.0,142559.0,8728724.0,weather_delay,343062.0
271,2013,8,562921.0,112650.0,6111797.0,weather_delay,206418.0
272,2013,9,510806.0,77134.0,4196632.0,weather_delay,158422.0
273,2013,10,535344.0,81338.0,3918255.0,weather_delay,78051.0
274,2013,11,503296.0,77352.0,3945789.0,weather_delay,109446.0
275,2013,12,516739.0,144958.0,7933597.0,weather_delay,388682.0
276,2014,1,471949.0,119994.0,7687929.0,weather_delay,578051.0
277,2014,2,430602.0,101440.0,5817661.0,weather_delay,286760.0
278,2014,3,503758.0,102297.0,5352248.0,weather_delay,163780.0
279,2014,4,483499.0,91806.0,4879163.0,weather_delay,142051.0
280,2014,5,499278.0,104145.0,6093824.0,weather_delay,270690.0
281,2014,6,502617.0,129706.0,7755285.0,weather_delay,379880.0
282,2014,7,520880.0,117151.0,6865014.0,weather_delay,319170.0
283,2014,8,507491.0,105706.0,6066485.0,weather_delay,291580.0
284,2014,9,469489.0,81178.0,4361717.0,weather_delay,127408.0
285,2014,10,491011.0,92285.0,4969164.0,weather_delay,132092.0
286,2014,11,462054.0,84657.0,4517246.0,weather_delay,155442.0
287,2014,12,477183.0,110163.0,5951225.0,weather_delay,141765.0
288,2015,1,469968.0,95951.0,5439862.0,weather_delay,263087.0
289,2015,2,429191.0,95179.0,5635596.0,weather_delay,411265.0
290,2015,3,504312.0,95452.0,5438910.0,weather_delay,228661.0
291,2015,4,485151.0,82247.0,4619308.0,weather_delay,221590.0
292,2015,5,496993.0,89645.0,5437359.0,weather_delay,336555.0
293,2015,6,503897.0,115742.0,7370820.0,weather_delay,380699.0
294,2015,7,520718.0,107627.0,6386504.0,weather_delay,232468.0
295,2015,8,510536.0,94113.0,5616471.0,weather_delay,265792.0
296,2015,9,464946.0,60061.0,3291587.0,weather_delay,137043.0
297,2015,10,486165.0,60079.0,3315230.0,weather_delay,109225.0
298,2015,11,467972.0,70571.0,4040704.0,weather_delay,186950.0
299,2015,12,479230.0,96772.0,6059516.0,weather_delay,326898.0
300,2016,1,445827.0,70882.0,4122129.0,weather_delay,201062.0
301,2016,2,423889.0,61680.0,3995488.0,weather_delay,210953.0
302,2016,3,479122.0,82569.0,4861570.0,weather_delay,173779.0
303,2016,4,461630.0,66607.0,3848737.0,weather_delay,134966.0
304,2016,5,479358.0,75498.0,4416714.0,weather_delay,224874.0
305,2016,6,487637.0,100361.0,6400240.0,weather_delay,307635.0
306,2016,7,502457.0,113601.0,8097727.0,weather_delay,424589.0
307,2016,8,498347.0,103421.0,7021740.0,weather_delay,278303.0
308,2016,9,454878.0,63686.0,3667339.0,weather_delay,145223.0
309,2016,10,472626.0,63470.0,3513518.0,weather_delay,65068.0
310,2016,11,450938.0,58871.0,3270250.0,weather_delay,104498.0
311,2016,12,460949.0,103593.0,6634908.0,weather_delay,335133.0
312,2004,1,583987.0,128236.0,6509522.0,nas_delay,2310463.0
313,2004,2,553876.0,114517.0,5388895.0,nas_delay,1996455.0
314,2004,3,601412.0,104031.0,4986958.0,nas_delay,1787331.0
315,2004,4,582970.0,93754.0,4217846.0,nas_delay,1505284.0
316,2004,5,594457.0,121019.0,6981742.0,nas_delay,2665016.0
317,2004,6,588792.0,148726.0,8257792.0,nas_delay,2750596.0
318,2004,7,614166.0,135999.0,7570677.0,nas_delay,2437579.0
319,2004,8,623107.0,123884.0,6704797.0,nas_delay,2054527.0
320,2004,9,585125.0,75147.0,3706807.0,nas_delay,1266018.0
321,2004,10,610037.0,108341.0,4783704.0,nas_delay,1545249.0
322,2004,11,584610.0,113696.0,5731901.0,nas_delay,1862361.0
323,2004,12,606731.0,154041.0,8247684.0,nas_delay,2291475.0
324,2005,1,594923.0,143316.0,7621044.0,nas_delay,2373719.0
325,2005,2,545332.0,111897.0,5470941.0,nas_delay,1876506.0
326,2005,3,617540.0,131384.0,6825241.0,nas_delay,2209616.0
327,2005,4,594492.0,90137.0,4264225.0,nas_delay,1298076.0
328,2005,5,614802.0,93619.0,4564393.0,nas_delay,1385878.0
329,2005,6,609195.0,139742.0,7817086.0,nas_delay,2445503.0
330,2005,7,627961.0,166767.0,10281610.0,nas_delay,3128157.0
331,2005,8,630904.0,141431.0,7580697.0,nas_delay,2227201.0
332,2005,9,574253.0,87235.0,4050498.0,nas_delay,1238216.0
333,2005,10,592712.0,99904.0,4991000.0,nas_delay,1689471.0
334,2005,11,566138.0,106543.0,5203843.0,nas_delay,1797001.0
335,2005,12,572343.0,154090.0,7829941.0,nas_delay,2376853.0
336,2006,1,581287.0,112299.0,5852565.0,nas_delay,1805841.0
337,2006,2,531247.0,118610.0,5930072.0,nas_delay,1803968.0
338,2006,3,605217.0,135897.0,6994427.0,nas_delay,2089504.0
339,2006,4,585351.0,118715.0,5972654.0,nas_delay,1741250.0
340,2006,5,602919.0,122693.0,6388249.0,nas_delay,1927774.0
341,2006,6,598315.0,150683.0,8832066.0,nas_delay,2332203.0
342,2006,7,621244.0,150771.0,8902264.0,nas_delay,2282707.0
343,2006,8,628732.0,140784.0,7646042.0,nas_delay,2022056.0
344,2006,9,584937.0,127900.0,7028322.0,nas_delay,2317486.0
345,2006,10,611718.0,153067.0,8328588.0,nas_delay,2738419.0
346,2006,11,586197.0,126990.0,6611296.0,nas_delay,2195925.0
347,2006,12,604758.0,157128.0,8700494.0,nas_delay,2353582.0
348,2007,1,621559.0,150144.0,7856768.0,nas_delay,2234312.0
349,2007,2,565604.0,158435.0,8883527.0,nas_delay,2208587.0
350,2007,3,639209.0,152689.0,8593413.0,nas_delay,2304310.0
351,2007,4,614648.0,136991.0,7442252.0,nas_delay,2205125.0
352,2007,5,631609.0,131298.0,6864579.0,nas_delay,2063976.0
353,2007,6,629280.0,181502.0,11431169.0,nas_delay,3244260.0
354,2007,7,648560.0,180319.0,10815811.0,nas_delay,2811468.0
355,2007,8,653279.0,170851.0,10065908.0,nas_delay,2701698.0
356,2007,9,600187.0,102383.0,5294460.0,nas_delay,1495285.0
357,2007,10,629992.0,128977.0,6674331.0,nas_delay,2127859.0
358,2007,11,605149.0,113680.0,5782072.0,nas_delay,1753846.0
359,2007,12,616382.0,196759.0,11261442.0,nas_delay,3058749.0
360,2008,1,605765.0,148807.0,8366662.0,nas_delay,2422180.0
361,2008,2,569236.0,156237.0,9021911.0,nas_delay,2572644.0
362,2008,3,616090.0,157370.0,8849075.0,nas_delay,2487133.0
363,2008,4,598126.0,122169.0,6444535.0,nas_delay,1964005.0
364,2008,5,606293.0,120126.0,6213330.0,nas_delay,1996671.0
365,2008,6,608665.0,164260.0,9872272.0,nas_delay,3226918.0
366,2008,7,627931.0,140050.0,8764946.0,nas_delay,2716037.0
367,2008,8,612279.0,120481.0,7096074.0,nas_delay,2068748.0
368,2008,9,540908.0,71149.0,3633943.0,nas_delay,1177489.0
369,2008,10,556205.0,73517.0,3507010.0,nas_delay,1102384.0
370,2008,11,523272.0,81922.0,4318569.0,nas_delay,1527896.0
371,2008,12,544956.0,168647.0,10549666.0,nas_delay,2909396.0
372,2009,1,532339.0,108656.0,5611991.0,nas_delay,1762603.0
373,2009,2,488410.0,78087.0,4103172.0,nas_delay,1434960.0
374,2009,3,557422.0,107408.0,5927648.0,nas_delay,1855778.0
375,2009,4,537793.0,102681.0,6082404.0,nas_delay,2017471.0
376,2009,5,546832.0,100688.0,5226313.0,nas_delay,1767069.0
377,2009,6,557594.0,122886.0,7227702.0,nas_delay,2151260.0
378,2009,7,580134.0,121429.0,6845519.0,nas_delay,1885143.0
379,2009,8,568301.0,108382.0,5983797.0,nas_delay,1664002.0
380,2009,9,510852.0,66762.0,3314004.0,nas_delay,960110.0
381,2009,10,531799.0,114549.0,5800543.0,nas_delay,1933420.0
382,2009,11,509540.0,54740.0,2619958.0,nas_delay,759259.0
383,2009,12,529269.0,132020.0,7262768.0,nas_delay,2029211.0
384,2010,1,521809.0,96928.0,5124918.0,nas_delay,1411991.0
385,2010,2,483270.0,95021.0,5125358.0,nas_delay,1389019.0
386,2010,3,549262.0,100534.0,5504552.0,nas_delay,1463005.0
387,2010,4,529330.0,73184.0,3670504.0,nas_delay,930462.0
388,2010,5,542747.0,100683.0,5633379.0,nas_delay,1591463.0
389,2010,6,551687.0,120007.0,6932380.0,nas_delay,1721647.0
390,2010,7,570788.0,122900.0,7007931.0,nas_delay,1649654.0
391,2010,8,569217.0,97597.0,5225837.0,nas_delay,1244824.0
392,2010,9,526107.0,72738.0,3639279.0,nas_delay,1014346.0
393,2010,10,545519.0,82391.0,4254474.0,nas_delay,1100194.0
394,2010,11,520999.0,83138.0,3930223.0,nas_delay,1015379.0
395,2010,12,539382.0,129763.0,7208663.0,nas_delay,1697134.0
396,2011,1,494400.0,97078.0,5031105.0,nas_delay,1211385.0
397,2011,2,455516.0,92709.0,5045776.0,nas_delay,1267792.0
398,2011,3,526687.0,101542.0,5450447.0,nas_delay,1344471.0
399,2011,4,507024.0,112528.0,6356338.0,nas_delay,1735882.0
400,2011,5,520612.0,107145.0,6353443.0,nas_delay,1700346.0
401,2011,6,528588.0,111137.0,6609930.0,nas_delay,1512665.0
402,2011,7,547219.0,110478.0,6650110.0,nas_delay,1493581.0
403,2011,8,541442.0,96632.0,5747490.0,nas_delay,1361589.0
404,2011,9,487468.0,73512.0,3888719.0,nas_delay,1014824.0
405,2011,10,504397.0,68219.0,3441542.0,nas_delay,863539.0
406,2011,11,478040.0,66279.0,3335437.0,nas_delay,907791.0
407,2011,12,493888.0,72613.0,3765605.0,nas_delay,889345.0
408,2012,1,486133.0,70908.0,3850425.0,nas_delay,984413.0
409,2012,2,464826.0,58987.0,2992529.0,nas_delay,684334.0
410,2012,3,521628.0,86476.0,4744040.0,nas_delay,1038001.0
411,2012,4,505218.0,63639.0,3310043.0,nas_delay,644874.0
412,2012,5,518423.0,80453.0,4486545.0,nas_delay,1046010.0
413,2012,6,526933.0,94684.0,5526265.0,nas_delay,1176826.0
414,2012,7,545131.0,121396.0,7643674.0,nas_delay,1740721.0
415,2012,8,540793.0,104434.0,6166141.0,nas_delay,1333356.0
416,2012,9,490199.0,77075.0,4262193.0,nas_delay,1043458.0
417,2012,10,515254.0,86545.0,4466517.0,nas_delay,1093078.0
418,2012,11,488006.0,63834.0,3443886.0,nas_delay,714364.0
419,2012,12,494218.0,106727.0,6024434.0,nas_delay,1329387.0
420,2013,1,509519.0,88210.0,4798252.0,nas_delay,1148931.0
421,2013,2,469746.0,83565.0,4493830.0,nas_delay,1119658.0
422,2013,3,552312.0,101743.0,5704792.0,nas_delay,1447591.0
423,2013,4,536393.0,111306.0,6648035.0,nas_delay,1765792.0
424,2013,5,548642.0,105278.0,6097504.0,nas_delay,1592755.0
425,2013,6,552141.0,143184.0,9360395.0,nas_delay,2243833.0
426,2013,7,571623.0,142559.0,8728724.0,nas_delay,2170773.0
427,2013,8,562921.0,112650.0,6111797.0,nas_delay,1398283.0
428,2013,9,510806.0,77134.0,4196632.0,nas_delay,1014977.0
429,2013,10,535344.0,81338.0,3918255.0,nas_delay,932630.0
430,2013,11,503296.0,77352.0,3945789.0,nas_delay,897294.0
431,2013,12,516739.0,144958.0,7933597.0,nas_delay,1694349.0
432,2014,1,471949.0,119994.0,7687929.0,nas_delay,1476657.0
433,2014,2,430602.0,101440.0,5817661.0,nas_delay,1369808.0
434,2014,3,503758.0,102297.0,5352248.0,nas_delay,1168846.0
435,2014,4,483499.0,91806.0,4879163.0,nas_delay,1185096.0
436,2014,5,499278.0,104145.0,6093824.0,nas_delay,1493938.0
437,2014,6,502617.0,129706.0,7755285.0,nas_delay,1788826.0
438,2014,7,520880.0,117151.0,6865014.0,nas_delay,1503200.0
439,2014,8,507491.0,105706.0,6066485.0,nas_delay,1381727.0
440,2014,9,469489.0,81178.0,4361717.0,nas_delay,1200983.0
441,2014,10,491011.0,92285.0,4969164.0,nas_delay,1416315.0
442,2014,11,462054.0,84657.0,4517246.0,nas_delay,1117363.0
443,2014,12,477183.0,110163.0,5951225.0,nas_delay,1416790.0
444,2015,1,469968.0,95951.0,5439862.0,nas_delay,1278055.0
445,2015,2,429191.0,95179.0,5635596.0,nas_delay,1349173.0
446,2015,3,504312.0,95452.0,5438910.0,nas_delay,1228893.0
447,2015,4,485151.0,82247.0,4619308.0,nas_delay,1118027.0
448,2015,5,496993.0,89645.0,5437359.0,nas_delay,1254652.0
449,2015,6,503897.0,115742.0,7370820.0,nas_delay,1630868.0
450,2015,7,520718.0,107627.0,6386504.0,nas_delay,1343455.0
451,2015,8,510536.0,94113.0,5616471.0,nas_delay,1274603.0
452,2015,9,464946.0,60061.0,3291587.0,nas_delay,786621.0
453,2015,10,486165.0,60079.0,3315230.0,nas_delay,802697.0
454,2015,11,467972.0,70571.0,4040704.0,nas_delay,981254.0
455,2015,12,479230.0,96772.0,6059516.0,nas_delay,1287464.0
456,2016,1,445827.0,70882.0,4122129.0,nas_delay,898816.0
457,2016,2,423889.0,61680.0,3995488.0,nas_delay,1018818.0
458,2016,3,479122.0,82569.0,4861570.0,nas_delay,1302715.0
459,2016,4,461630.0,66607.0,3848737.0,nas_delay,893529.0
460,2016,5,479358.0,75498.0,4416714.0,nas_delay,1025535.0
461,2016,6,487637.0,100361.0,6400240.0,nas_delay,1364953.0
462,2016,7,502457.0,113601.0,8097727.0,nas_delay,1872888.0
463,2016,8,498347.0,103421.0,7021740.0,nas_delay,1637369.0
464,2016,9,454878.0,63686.0,3667339.0,nas_delay,964077.0
465,2016,10,472626.0,63470.0,3513518.0,nas_delay,947610.0
466,2016,11,450938.0,58871.0,3270250.0,nas_delay,812488.0
467,2016,12,460949.0,103593.0,6634908.0,nas_delay,1431819.0
468,2004,1,583987.0,128236.0,6509522.0,security_delay,15364.0
469,2004,2,553876.0,114517.0,5388895.0,security_delay,11295.0
470,2004,3,601412.0,104031.0,4986958.0,security_delay,8872.0
471,2004,4,582970.0,93754.0,4217846.0,security_delay,9601.0
472,2004,5,594457.0,121019.0,6981742.0,security_delay,8724.0
473,2004,6,588792.0,148726.0,8257792.0,security_delay,14876.0
474,2004,7,614166.0,135999.0,7570677.0,security_delay,14033.0
475,2004,8,623107.0,123884.0,6704797.0,security_delay,15655.0
476,2004,9,585125.0,75147.0,3706807.0,security_delay,23856.0
477,2004,10,610037.0,108341.0,4783704.0,security_delay,11628.0
478,2004,11,584610.0,113696.0,5731901.0,security_delay,18773.0
479,2004,12,606731.0,154041.0,8247684.0,security_delay,26542.0
480,2005,1,594923.0,143316.0,7621044.0,security_delay,13152.0
481,2005,2,545332.0,111897.0,5470941.0,security_delay,7289.0
482,2005,3,617540.0,131384.0,6825241.0,security_delay,22559.0
483,2005,4,594492.0,90137.0,4264225.0,security_delay,8652.0
484,2005,5,614802.0,93619.0,4564393.0,security_delay,5329.0
485,2005,6,609195.0,139742.0,7817086.0,security_delay,10144.0
486,2005,7,627961.0,166767.0,10281610.0,security_delay,13948.0
487,2005,8,630904.0,141431.0,7580697.0,security_delay,20258.0
488,2005,9,574253.0,87235.0,4050498.0,security_delay,6318.0
489,2005,10,592712.0,99904.0,4991000.0,security_delay,9160.0
490,2005,11,566138.0,106543.0,5203843.0,security_delay,5883.0
491,2005,12,572343.0,154090.0,7829941.0,security_delay,18353.0
492,2006,1,581287.0,112299.0,5852565.0,security_delay,8056.0
493,2006,2,531247.0,118610.0,5930072.0,security_delay,22340.0
494,2006,3,605217.0,135897.0,6994427.0,security_delay,18280.0
495,2006,4,585351.0,118715.0,5972654.0,security_delay,23017.0
496,2006,5,602919.0,122693.0,6388249.0,security_delay,7559.0
497,2006,6,598315.0,150683.0,8832066.0,security_delay,11849.0
498,2006,7,621244.0,150771.0,8902264.0,security_delay,11401.0
499,2006,8,628732.0,140784.0,7646042.0,security_delay,64327.0
500,2006,9,584937.0,127900.0,7028322.0,security_delay,13413.0
501,2006,10,611718.0,153067.0,8328588.0,security_delay,11375.0
502,2006,11,586197.0,126990.0,6611296.0,security_delay,10087.0
503,2006,12,604758.0,157128.0,8700494.0,security_delay,19667.0
504,2007,1,621559.0,150144.0,7856768.0,security_delay,12124.0
505,2007,2,565604.0,158435.0,8883527.0,security_delay,14144.0
506,2007,3,639209.0,152689.0,8593413.0,security_delay,13737.0
507,2007,4,614648.0,136991.0,7442252.0,security_delay,14453.0
508,2007,5,631609.0,131298.0,6864579.0,security_delay,11686.0
509,2007,6,629280.0,181502.0,11431169.0,security_delay,20560.0
510,2007,7,648560.0,180319.0,10815811.0,security_delay,23045.0
511,2007,8,653279.0,170851.0,10065908.0,security_delay,17971.0
512,2007,9,600187.0,102383.0,5294460.0,security_delay,11244.0
513,2007,10,629992.0,128977.0,6674331.0,security_delay,11612.0
514,2007,11,605149.0,113680.0,5782072.0,security_delay,8190.0
515,2007,12,616382.0,196759.0,11261442.0,security_delay,18180.0
516,2008,1,605765.0,148807.0,8366662.0,security_delay,12912.0
517,2008,2,569236.0,156237.0,9021911.0,security_delay,11361.0
518,2008,3,616090.0,157370.0,8849075.0,security_delay,15117.0
519,2008,4,598126.0,122169.0,6444535.0,security_delay,7645.0
520,2008,5,606293.0,120126.0,6213330.0,security_delay,9751.0
521,2008,6,608665.0,164260.0,9872272.0,security_delay,10614.0
522,2008,7,627931.0,140050.0,8764946.0,security_delay,13126.0
523,2008,8,612279.0,120481.0,7096074.0,security_delay,7414.0
524,2008,9,540908.0,71149.0,3633943.0,security_delay,4823.0
525,2008,10,556205.0,73517.0,3507010.0,security_delay,5285.0
526,2008,11,523272.0,81922.0,4318569.0,security_delay,4087.0
527,2008,12,544956.0,168647.0,10549666.0,security_delay,12181.0
528,2009,1,532339.0,108656.0,5611991.0,security_delay,6491.0
529,2009,2,488410.0,78087.0,4103172.0,security_delay,3605.0
530,2009,3,557422.0,107408.0,5927648.0,security_delay,6230.0
531,2009,4,537793.0,102681.0,6082404.0,security_delay,4156.0
532,2009,5,546832.0,100688.0,5226313.0,security_delay,4936.0
533,2009,6,557594.0,122886.0,7227702.0,security_delay,8071.0
534,2009,7,580134.0,121429.0,6845519.0,security_delay,7001.0
535,2009,8,568301.0,108382.0,5983797.0,security_delay,11387.0
536,2009,9,510852.0,66762.0,3314004.0,security_delay,3015.0
537,2009,10,531799.0,114549.0,5800543.0,security_delay,6832.0
538,2009,11,509540.0,54740.0,2619958.0,security_delay,1876.0
539,2009,12,529269.0,132020.0,7262768.0,security_delay,15226.0
540,2010,1,521809.0,96928.0,5124918.0,security_delay,22679.0
541,2010,2,483270.0,95021.0,5125358.0,security_delay,10212.0
542,2010,3,549262.0,100534.0,5504552.0,security_delay,9999.0
543,2010,4,529330.0,73184.0,3670504.0,security_delay,8255.0
544,2010,5,542747.0,100683.0,5633379.0,security_delay,5973.0
545,2010,6,551687.0,120007.0,6932380.0,security_delay,7033.0
546,2010,7,570788.0,122900.0,7007931.0,security_delay,9321.0
547,2010,8,569217.0,97597.0,5225837.0,security_delay,6677.0
548,2010,9,526107.0,72738.0,3639279.0,security_delay,3548.0
549,2010,10,545519.0,82391.0,4254474.0,security_delay,5352.0
550,2010,11,520999.0,83138.0,3930223.0,security_delay,4723.0
551,2010,12,539382.0,129763.0,7208663.0,security_delay,13638.0
552,2011,1,494400.0,97078.0,5031105.0,security_delay,11309.0
553,2011,2,455516.0,92709.0,5045776.0,security_delay,7112.0
554,2011,3,526687.0,101542.0,5450447.0,security_delay,6410.0
555,2011,4,507024.0,112528.0,6356338.0,security_delay,7915.0
556,2011,5,520612.0,107145.0,6353443.0,security_delay,8222.0
557,2011,6,528588.0,111137.0,6609930.0,security_delay,9972.0
558,2011,7,547219.0,110478.0,6650110.0,security_delay,4909.0
559,2011,8,541442.0,96632.0,5747490.0,security_delay,7952.0
560,2011,9,487468.0,73512.0,3888719.0,security_delay,5110.0
561,2011,10,504397.0,68219.0,3441542.0,security_delay,4860.0
562,2011,11,478040.0,66279.0,3335437.0,security_delay,3788.0
563,2011,12,493888.0,72613.0,3765605.0,security_delay,3794.0
564,2012,1,486133.0,70908.0,3850425.0,security_delay,3706.0
565,2012,2,464826.0,58987.0,2992529.0,security_delay,5986.0
566,2012,3,521628.0,86476.0,4744040.0,security_delay,3954.0
567,2012,4,505218.0,63639.0,3310043.0,security_delay,4733.0
568,2012,5,518423.0,80453.0,4486545.0,security_delay,6216.0
569,2012,6,526933.0,94684.0,5526265.0,security_delay,7133.0
570,2012,7,545131.0,121396.0,7643674.0,security_delay,6763.0
571,2012,8,540793.0,104434.0,6166141.0,security_delay,10177.0
572,2012,9,490199.0,77075.0,4262193.0,security_delay,5301.0
573,2012,10,515254.0,86545.0,4466517.0,security_delay,6015.0
574,2012,11,488006.0,63834.0,3443886.0,security_delay,3883.0
575,2012,12,494218.0,106727.0,6024434.0,security_delay,9185.0
576,2013,1,509519.0,88210.0,4798252.0,security_delay,6304.0
577,2013,2,469746.0,83565.0,4493830.0,security_delay,4718.0
578,2013,3,552312.0,101743.0,5704792.0,security_delay,8131.0
579,2013,4,536393.0,111306.0,6648035.0,security_delay,7743.0
580,2013,5,548642.0,105278.0,6097504.0,security_delay,7095.0
581,2013,6,552141.0,143184.0,9360395.0,security_delay,9445.0
582,2013,7,571623.0,142559.0,8728724.0,security_delay,8541.0
583,2013,8,562921.0,112650.0,6111797.0,security_delay,7732.0
584,2013,9,510806.0,77134.0,4196632.0,security_delay,5186.0
585,2013,10,535344.0,81338.0,3918255.0,security_delay,4585.0
586,2013,11,503296.0,77352.0,3945789.0,security_delay,25367.0
587,2013,12,516739.0,144958.0,7933597.0,security_delay,8804.0
588,2014,1,471949.0,119994.0,7687929.0,security_delay,5353.0
589,2014,2,430602.0,101440.0,5817661.0,security_delay,4337.0
590,2014,3,503758.0,102297.0,5352248.0,security_delay,3821.0
591,2014,4,483499.0,91806.0,4879163.0,security_delay,4055.0
592,2014,5,499278.0,104145.0,6093824.0,security_delay,6731.0
593,2014,6,502617.0,129706.0,7755285.0,security_delay,6428.0
594,2014,7,520880.0,117151.0,6865014.0,security_delay,5460.0
595,2014,8,507491.0,105706.0,6066485.0,security_delay,7436.0
596,2014,9,469489.0,81178.0,4361717.0,security_delay,6411.0
597,2014,10,491011.0,92285.0,4969164.0,security_delay,4033.0
598,2014,11,462054.0,84657.0,4517246.0,security_delay,4155.0
599,2014,12,477183.0,110163.0,5951225.0,security_delay,7130.0
600,2015,1,469968.0,95951.0,5439862.0,security_delay,6700.0
601,2015,2,429191.0,95179.0,5635596.0,security_delay,4580.0
602,2015,3,504312.0,95452.0,5438910.0,security_delay,6586.0
603,2015,4,485151.0,82247.0,4619308.0,security_delay,3660.0
604,2015,5,496993.0,89645.0,5437359.0,security_delay,5711.0
605,2015,6,503897.0,115742.0,7370820.0,security_delay,7084.0
606,2015,7,520718.0,107627.0,6386504.0,security_delay,6821.0
607,2015,8,510536.0,94113.0,5616471.0,security_delay,11993.0
608,2015,9,464946.0,60061.0,3291587.0,security_delay,5968.0
609,2015,10,486165.0,60079.0,3315230.0,security_delay,3040.0
610,2015,11,467972.0,70571.0,4040704.0,security_delay,8740.0
611,2015,12,479230.0,96772.0,6059516.0,security_delay,10102.0
612,2016,1,445827.0,70882.0,4122129.0,security_delay,5700.0
613,2016,2,423889.0,61680.0,3995488.0,security_delay,4119.0
614,2016,3,479122.0,82569.0,4861570.0,security_delay,7949.0
615,2016,4,461630.0,66607.0,3848737.0,security_delay,4833.0
616,2016,5,479358.0,75498.0,4416714.0,security_delay,5808.0
617,2016,6,487637.0,100361.0,6400240.0,security_delay,10938.0
618,2016,7,502457.0,113601.0,8097727.0,security_delay,7017.0
619,2016,8,498347.0,103421.0,7021740.0,security_delay,14526.0
620,2016,9,454878.0,63686.0,3667339.0,security_delay,4145.0
621,2016,10,472626.0,63470.0,3513518.0,security_delay,3430.0
622,2016,11,450938.0,58871.0,3270250.0,security_delay,5396.0
623,2016,12,460949.0,103593.0,6634908.0,security_delay,8064.0
624,2004,1,583987.0,128236.0,6509522.0,late_aircraft_delay,1922724.0
625,2004,2,553876.0,114517.0,5388895.0,late_aircraft_delay,1685452.0
626,2004,3,601412.0,104031.0,4986958.0,late_aircraft_delay,1687536.0
627,2004,4,582970.0,93754.0,4217846.0,late_aircraft_delay,1349671.0
628,2004,5,594457.0,121019.0,6981742.0,late_aircraft_delay,2257148.0
629,2004,6,588792.0,148726.0,8257792.0,late_aircraft_delay,2843794.0
630,2004,7,614166.0,135999.0,7570677.0,late_aircraft_delay,2680464.0
631,2004,8,623107.0,123884.0,6704797.0,late_aircraft_delay,2444041.0
632,2004,9,585125.0,75147.0,3706807.0,late_aircraft_delay,1104313.0
633,2004,10,610037.0,108341.0,4783704.0,late_aircraft_delay,1599119.0
634,2004,11,584610.0,113696.0,5731901.0,late_aircraft_delay,1959762.0
635,2004,12,606731.0,154041.0,8247684.0,late_aircraft_delay,3032195.0
636,2005,1,594923.0,143316.0,7621044.0,late_aircraft_delay,2564397.0
637,2005,2,545332.0,111897.0,5470941.0,late_aircraft_delay,1778646.0
638,2005,3,617540.0,131384.0,6825241.0,late_aircraft_delay,2367218.0
639,2005,4,594492.0,90137.0,4264225.0,late_aircraft_delay,1379302.0
640,2005,5,614802.0,93619.0,4564393.0,late_aircraft_delay,1530562.0
641,2005,6,609195.0,139742.0,7817086.0,late_aircraft_delay,2801540.0
642,2005,7,627961.0,166767.0,10281610.0,late_aircraft_delay,3894650.0
643,2005,8,630904.0,141431.0,7580697.0,late_aircraft_delay,2661527.0
644,2005,9,574253.0,87235.0,4050498.0,late_aircraft_delay,1255912.0
645,2005,10,592712.0,99904.0,4991000.0,late_aircraft_delay,1624195.0
646,2005,11,566138.0,106543.0,5203843.0,late_aircraft_delay,1620211.0
647,2005,12,572343.0,154090.0,7829941.0,late_aircraft_delay,2679447.0
648,2006,1,581287.0,112299.0,5852565.0,late_aircraft_delay,1971851.0
649,2006,2,531247.0,118610.0,5930072.0,late_aircraft_delay,2111853.0
650,2006,3,605217.0,135897.0,6994427.0,late_aircraft_delay,2657080.0
651,2006,4,585351.0,118715.0,5972654.0,late_aircraft_delay,2246792.0
652,2006,5,602919.0,122693.0,6388249.0,late_aircraft_delay,2403513.0
653,2006,6,598315.0,150683.0,8832066.0,late_aircraft_delay,3390729.0
654,2006,7,621244.0,150771.0,8902264.0,late_aircraft_delay,3457827.0
655,2006,8,628732.0,140784.0,7646042.0,late_aircraft_delay,2859965.0
656,2006,9,584937.0,127900.0,7028322.0,late_aircraft_delay,2453058.0
657,2006,10,611718.0,153067.0,8328588.0,late_aircraft_delay,3009885.0
658,2006,11,586197.0,126990.0,6611296.0,late_aircraft_delay,2286567.0
659,2006,12,604758.0,157128.0,8700494.0,late_aircraft_delay,3396696.0
660,2007,1,621559.0,150144.0,7856768.0,late_aircraft_delay,2904995.0
661,2007,2,565604.0,158435.0,8883527.0,late_aircraft_delay,3395999.0
662,2007,3,639209.0,152689.0,8593413.0,late_aircraft_delay,3321925.0
663,2007,4,614648.0,136991.0,7442252.0,late_aircraft_delay,2826618.0
664,2007,5,631609.0,131298.0,6864579.0,late_aircraft_delay,2487334.0
665,2007,6,629280.0,181502.0,11431169.0,late_aircraft_delay,4370859.0
666,2007,7,648560.0,180319.0,10815811.0,late_aircraft_delay,4275001.0
667,2007,8,653279.0,170851.0,10065908.0,late_aircraft_delay,3933045.0
668,2007,9,600187.0,102383.0,5294460.0,late_aircraft_delay,1792796.0
669,2007,10,629992.0,128977.0,6674331.0,late_aircraft_delay,2338823.0
670,2007,11,605149.0,113680.0,5782072.0,late_aircraft_delay,2090662.0
671,2007,12,616382.0,196759.0,11261442.0,late_aircraft_delay,4268886.0
672,2008,1,605765.0,148807.0,8366662.0,late_aircraft_delay,3145788.0
673,2008,2,569236.0,156237.0,9021911.0,late_aircraft_delay,3495284.0
674,2008,3,616090.0,157370.0,8849075.0,late_aircraft_delay,3344243.0
675,2008,4,598126.0,122169.0,6444535.0,late_aircraft_delay,2277313.0
676,2008,5,606293.0,120126.0,6213330.0,late_aircraft_delay,2244264.0
677,2008,6,608665.0,164260.0,9872272.0,late_aircraft_delay,3580641.0
678,2008,7,627931.0,140050.0,8764946.0,late_aircraft_delay,3062892.0
679,2008,8,612279.0,120481.0,7096074.0,late_aircraft_delay,2490422.0
680,2008,9,540908.0,71149.0,3633943.0,late_aircraft_delay,1075911.0
681,2008,10,556205.0,73517.0,3507010.0,late_aircraft_delay,1149195.0
682,2008,11,523272.0,81922.0,4318569.0,late_aircraft_delay,1525169.0
683,2008,12,544956.0,168647.0,10549666.0,late_aircraft_delay,4279120.0
684,2009,1,532339.0,108656.0,5611991.0,late_aircraft_delay,1922237.0
685,2009,2,488410.0,78087.0,4103172.0,late_aircraft_delay,1374484.0
686,2009,3,557422.0,107408.0,5927648.0,late_aircraft_delay,2214624.0
687,2009,4,537793.0,102681.0,6082404.0,late_aircraft_delay,2197572.0
688,2009,5,546832.0,100688.0,5226313.0,late_aircraft_delay,1836784.0
689,2009,6,557594.0,122886.0,7227702.0,late_aircraft_delay,2688529.0
690,2009,7,580134.0,121429.0,6845519.0,late_aircraft_delay,2609028.0
691,2009,8,568301.0,108382.0,5983797.0,late_aircraft_delay,2223395.0
692,2009,9,510852.0,66762.0,3314004.0,late_aircraft_delay,1083813.0
693,2009,10,531799.0,114549.0,5800543.0,late_aircraft_delay,2125360.0
694,2009,11,509540.0,54740.0,2619958.0,late_aircraft_delay,849281.0
695,2009,12,529269.0,132020.0,7262768.0,late_aircraft_delay,2785160.0
696,2010,1,521809.0,96928.0,5124918.0,late_aircraft_delay,1853069.0
697,2010,2,483270.0,95021.0,5125358.0,late_aircraft_delay,1952183.0
698,2010,3,549262.0,100534.0,5504552.0,late_aircraft_delay,2155386.0
699,2010,4,529330.0,73184.0,3670504.0,late_aircraft_delay,1377309.0
700,2010,5,542747.0,100683.0,5633379.0,late_aircraft_delay,2169646.0
701,2010,6,551687.0,120007.0,6932380.0,late_aircraft_delay,2854716.0
702,2010,7,570788.0,122900.0,7007931.0,late_aircraft_delay,2889404.0
703,2010,8,569217.0,97597.0,5225837.0,late_aircraft_delay,2099758.0
704,2010,9,526107.0,72738.0,3639279.0,late_aircraft_delay,1312022.0
705,2010,10,545519.0,82391.0,4254474.0,late_aircraft_delay,1697742.0
706,2010,11,520999.0,83138.0,3930223.0,late_aircraft_delay,1542877.0
707,2010,12,539382.0,129763.0,7208663.0,late_aircraft_delay,3014141.0
708,2011,1,494400.0,97078.0,5031105.0,late_aircraft_delay,2042602.0
709,2011,2,455516.0,92709.0,5045776.0,late_aircraft_delay,2049487.0
710,2011,3,526687.0,101542.0,5450447.0,late_aircraft_delay,2321420.0
711,2011,4,507024.0,112528.0,6356338.0,late_aircraft_delay,2634299.0
712,2011,5,520612.0,107145.0,6353443.0,late_aircraft_delay,2612917.0
713,2011,6,528588.0,111137.0,6609930.0,late_aircraft_delay,2773488.0
714,2011,7,547219.0,110478.0,6650110.0,late_aircraft_delay,2886690.0
715,2011,8,541442.0,96632.0,5747490.0,late_aircraft_delay,2319010.0
716,2011,9,487468.0,73512.0,3888719.0,late_aircraft_delay,1498751.0
717,2011,10,504397.0,68219.0,3441542.0,late_aircraft_delay,1299193.0
718,2011,11,478040.0,66279.0,3335437.0,late_aircraft_delay,1262904.0
719,2011,12,493888.0,72613.0,3765605.0,late_aircraft_delay,1479004.0
720,2012,1,486133.0,70908.0,3850425.0,late_aircraft_delay,1455120.0
721,2012,2,464826.0,58987.0,2992529.0,late_aircraft_delay,1129731.0
722,2012,3,521628.0,86476.0,4744040.0,late_aircraft_delay,1967898.0
723,2012,4,505218.0,63639.0,3310043.0,late_aircraft_delay,1326988.0
724,2012,5,518423.0,80453.0,4486545.0,late_aircraft_delay,1770914.0
725,2012,6,526933.0,94684.0,5526265.0,late_aircraft_delay,2329067.0
726,2012,7,545131.0,121396.0,7643674.0,late_aircraft_delay,3345433.0
727,2012,8,540793.0,104434.0,6166141.0,late_aircraft_delay,2683506.0
728,2012,9,490199.0,77075.0,4262193.0,late_aircraft_delay,1697951.0
729,2012,10,515254.0,86545.0,4466517.0,late_aircraft_delay,1807055.0
730,2012,11,488006.0,63834.0,3443886.0,late_aircraft_delay,1425403.0
731,2012,12,494218.0,106727.0,6024434.0,late_aircraft_delay,2630486.0
732,2013,1,509519.0,88210.0,4798252.0,late_aircraft_delay,1845040.0
733,2013,2,469746.0,83565.0,4493830.0,late_aircraft_delay,1762843.0
734,2013,3,552312.0,101743.0,5704792.0,late_aircraft_delay,2356192.0
735,2013,4,536393.0,111306.0,6648035.0,late_aircraft_delay,2795392.0
736,2013,5,548642.0,105278.0,6097504.0,late_aircraft_delay,2563182.0
737,2013,6,552141.0,143184.0,9360395.0,late_aircraft_delay,4158715.0
738,2013,7,571623.0,142559.0,8728724.0,late_aircraft_delay,3758093.0
739,2013,8,562921.0,112650.0,6111797.0,late_aircraft_delay,2647163.0
740,2013,9,510806.0,77134.0,4196632.0,late_aircraft_delay,1729915.0
741,2013,10,535344.0,81338.0,3918255.0,late_aircraft_delay,1609252.0
742,2013,11,503296.0,77352.0,3945789.0,late_aircraft_delay,1619559.0
743,2013,12,516739.0,144958.0,7933597.0,late_aircraft_delay,3450689.0
744,2014,1,471949.0,119994.0,7687929.0,late_aircraft_delay,3243417.0
745,2014,2,430602.0,101440.0,5817661.0,late_aircraft_delay,2394565.0
746,2014,3,503758.0,102297.0,5352248.0,late_aircraft_delay,2292184.0
747,2014,4,483499.0,91806.0,4879163.0,late_aircraft_delay,2058940.0
748,2014,5,499278.0,104145.0,6093824.0,late_aircraft_delay,2549799.0
749,2014,6,502617.0,129706.0,7755285.0,late_aircraft_delay,3405382.0
750,2014,7,520880.0,117151.0,6865014.0,late_aircraft_delay,2937179.0
751,2014,8,507491.0,105706.0,6066485.0,late_aircraft_delay,2553660.0
752,2014,9,469489.0,81178.0,4361717.0,late_aircraft_delay,1693425.0
753,2014,10,491011.0,92285.0,4969164.0,late_aircraft_delay,1989656.0
754,2014,11,462054.0,84657.0,4517246.0,late_aircraft_delay,1846457.0
755,2014,12,477183.0,110163.0,5951225.0,late_aircraft_delay,2519320.0
756,2015,1,469968.0,95951.0,5439862.0,late_aircraft_delay,2183865.0
757,2015,2,429191.0,95179.0,5635596.0,late_aircraft_delay,2157918.0
758,2015,3,504312.0,95452.0,5438910.0,late_aircraft_delay,2156090.0
759,2015,4,485151.0,82247.0,4619308.0,late_aircraft_delay,1785437.0
760,2015,5,496993.0,89645.0,5437359.0,late_aircraft_delay,2172521.0
761,2015,6,503897.0,115742.0,7370820.0,late_aircraft_delay,3055836.0
762,2015,7,520718.0,107627.0,6386504.0,late_aircraft_delay,2782381.0
763,2015,8,510536.0,94113.0,5616471.0,late_aircraft_delay,2244485.0
764,2015,9,464946.0,60061.0,3291587.0,late_aircraft_delay,1185164.0
765,2015,10,486165.0,60079.0,3315230.0,late_aircraft_delay,1194257.0
766,2015,11,467972.0,70571.0,4040704.0,late_aircraft_delay,1505055.0
767,2015,12,479230.0,96772.0,6059516.0,late_aircraft_delay,2538922.0
768,2016,1,445827.0,70882.0,4122129.0,late_aircraft_delay,1533564.0
769,2016,2,423889.0,61680.0,3995488.0,late_aircraft_delay,1484498.0
770,2016,3,479122.0,82569.0,4861570.0,late_aircraft_delay,1883806.0
771,2016,4,461630.0,66607.0,3848737.0,late_aircraft_delay,1527439.0
772,2016,5,479358.0,75498.0,4416714.0,late_aircraft_delay,1730775.0
773,2016,6,487637.0,100361.0,6400240.0,late_aircraft_delay,2668568.0
774,2016,7,502457.0,113601.0,8097727.0,late_aircraft_delay,3295331.0
775,2016,8,498347.0,103421.0,7021740.0,late_aircraft_delay,2752268.0
776,2016,9,454878.0,63686.0,3667339.0,late_aircraft_delay,1331620.0
777,2016,10,472626.0,63470.0,3513518.0,late_aircraft_delay,1296817.0
778,2016,11,450938.0,58871.0,3270250.0,late_aircraft_delay,1221639.0
779,2016,12,460949.0,103593.0,6634908.0,late_aircraft_delay,2732073.0
